TYPE,CONTENT,DESCRIPTION,PRIORITY,INDENT,AUTHOR,RESPONSIBLE,DATE,DATE_LANG,TIMEZONE,DURATION,DURATION_UNIT,meta,DEADLINE,DEADLINE_LANG
section,Business Planning & Validation,,,,,,,,,,,,,
task,Identify target market & problem to solve,,,,,,,,,,,,,
task,Research competitors and similar landing page businesses,,,,,,,,,,,,,
task,Define your unique selling proposition (USP),,,,,,,,,,,,,
task,Validate your idea (surveys, interviews, or small ad campaigns),,,,,,,,,,,,,
task,Decide on your product or offer (digital, physical, service, etc.),,,,,,,,,,,,,
section,Legal & Administrative Setup,,,,,,,,,,,,,
task,Choose a business name,,,,,,,,,,,,,
task,Check name/domain availability,,,,,,,,,,,,,
task,Register your business entity (LLC, Sole Prop, etc.),,,,,,,,,,,,,
task,Apply for EIN/tax ID if needed,,,,,,,,,,,,,
task,Set up a business bank account,,,,,,,,,,,,,
task,Sort any business licenses or permits (if applicable),,,,,,,,,,,,,
section,Branding & Positioning,,,,,,,,,,,,,
task,Create a simple logo,,,,,,,,,,,,,
task,Choose brand colors and fonts,,,,,,,,,,,,,
task,Write a brand mission/positioning statement,,,,,,,,,,,,,
task,Craft core brand messaging and tone of voice,,,,,,,,,,,,,
task,Secure social media handles (even if youâ€™re not using them yet),,,,,,,,,,,,,
section,Landing Page Planning,,,,,,,,,,,,,
task,Define your goal (e.g., purchase, booking, signup),,,,,,,,,,,,,
task,Sketch wireframes of your landing page,,,,,,,,,,,,,
task,Plan content sections: headline, offer, benefits, testimonials, call-to-action, FAQs, contact,,,,,,,,,,,,,
task,Decide on pricing, guarantees, bonuses, or urgency factors (limited time, etc.),,,,,,,,,,,,,
section,Landing Page Build,,,,,,,,,,,,,
task,Choose a landing page builder (Webflow, Carrd, Squarespace, Wix, WordPress + plugin, etc.),,,,,,,,,,,,,
task,Purchase your domain name,,,,,,,,,,,,,
task,Set up web hosting (if not included with builder),,,,,,,,,,,,,
task,Connect domain to your landing page platform,,,,,,,,,,,,,
task,Write all copy: headline, subhead, product details, CTA, testimonials, FAQs, etc.,,,,,,,,,,,,,
task,Design and build out the landing page,,,,,,,,,,,,,
task,Hero section (main value prop),,,2,2,,,,,,,,,,
task,Product/service details,, ,,,3,,,,,,,,,,
task,Social proof (testimonials, logos),,,3,,,,,,,,,,
task,Benefits/features,, ,,,3,,,,,,,,,,
task,Pricing and purchase/booking form,, ,,,3,,,,,,,,,,
task,CTA buttons,, ,,,3,,,,,,,,,,
task,Trust badges (security, guarantees),,,3,,,,,,,,,,
task,About/contact information,, ,,,3,,,,,,,,,,
task,Optimize for mobile and speed,,,,,,,,,,,,,
task,Set up analytics (Google Analytics, etc.),,,,,,,,,,,,,
task,Add tracking pixels (Facebook, Google Ads, etc.),,,,,,,,,,,,,
section,Payments & Fulfillment,,,,,,,,,,,,,
task,Choose a payment processor (Stripe, PayPal, etc.),,,,,,,,,,,,,
task,Integrate payment gateway with landing page,,,,,,,,,,,,,
task,Set up product/service delivery process (automated download, onboarding, confirmation emails),,,,,,,,,,,,,
task,Write transactional emails (purchase confirmation, delivery, receipts, etc.),,,,,,,,,,,,,
task,Test full payment & delivery flow,,,,,,,,,,,,,
section,Legal & Compliance,,,,,,,,,,,,,
task,Write and add privacy policy,,,,,,,,,,,,,
task,Write and add terms of service,,,,,,,,,,,,,
task,Add cookie notice/consent (if required),,,,,,,,,,,,,
task,Ensure landing page is ADA/web accessibility compliant,,,,,,,,,,,,,
section,Traffic Generation Prep,,,,,,,,,,,,,
task,Set up social media profiles,,,,,,,,,,,,,
task,Write 2-3 posts or pieces of content for initial launch,,,,,,,,,,,,,
task,Prepare or source creatives for ads (images, videos, copy),,,,,,,,,,,,,
task,Create email list (set up with tool like Mailchimp, ConvertKit, etc.),,,,,,,,,,,,,
task,Build a simple lead magnet (optional for email capture),,,,,,,,,,,,,
section,Launch & Promotion,,,,,,,,,,,,,
task,Do a pre-launch test with friends/family/beta testers,,,,,,,,,,,,,
task,Fix any bugs/issues,,,,,,,,,,,,,
task,Go live,,,,,,,,,,,,,
task,Announce on social channels,,,,,,,,,,,,,
task,Send to email list (if you have one),,,,,,,,,,,,,
task,Run paid ads (Google, Facebook, Instagram, TikTok, etc.),,,,,,,,,,,,,
task,Reach out to partners, influencers, or communities for shoutouts,,,,,,,,,,,,,
task,List on relevant directories or marketplaces,,,,,,,,,,,,,
section,Ongoing Optimization,,,,,,,,,,,,,
task,Monitor analytics & track conversions,,,,,,,,,,,,,
task,A/B test landing page elements (headline, CTA, pricing, etc.),,,,,,,,,,,,,
task,Iterate on ads and creatives,,,,,,,,,,,,,
task,Follow up with buyers for testimonials and feedback,,,,,,,,,,,,,
task,Tweak copy and design based on feedback/data,,,,,,,,,,,,,
task,Expand marketing (content, SEO, partnerships, etc.),,,,,,,,,,,,,
task,Consider upsells, new offers, or retargeting ads,,,,,,,,,,,,,
section,Customer Service & Growth,,,,,,,,,,,,,
task,Set up a basic support email or chat,,,,,,,,,,,,,
task,Document common support questions (FAQ),,,,,,,,,,,,,
task,Maintain customer relationships (follow-ups, loyalty offers),,,,,,,,,,,,,
task,Continue testing and scaling successful traffic sources,,,,,,,,,,,,,
task,Review legal and tax compliance periodically,,,,,,,,,,,,,
